Workbook

Sheet TCD 
A3: Heures Totales d’Indisponibilité par Région et par Technologie | E3: Moyenne du nombre d'abonnés impactés.
A5: Étiquettes de lignes | B5: Somme de Duree_Panne_Min | F5: Étiquettes de lignes | G5: Moyenne de Id
A6: Bas-Uele | B6: 1497 | F6: Bas-Uele | G6: 340.21212
A7: 3G | B7: 610 | F7: Equateur | G7: 347.875
A8: 4G | B8: 373 | F8: Haut-Katanga | G8: 364.86842
A9: 5G | B9: 514 | F9: Haut-Lomami | G9: 347.09091
A10: Equateur | B10: 1187 | F10: Haut-Uele | G10: 462.33333
A11: 3G | B11: 295 | F11: Ituri | G11: 363.45946
A12: 4G | B12: 118 | F12: Kasai | G12: 321.03704
A13: 5G | B13: 774 | F13: Kasai-Central | G13: 295.07407
A14: Haut-Katanga | B14: 2051 | F14: Kasai-Oriental | G14: 395.5
A15: 3G | B15: 580 | F15: Kinshasa | G15: 432.69231
A16: 4G | B16: 696 | F16: Kongo-Central | G16: 373.95652
A17: 5G | B17: 775 | F17: Kwango | G17: 353.06667
... A32: 4G | B32: 308 | F32: Total général | G32: 375.5
A33: 5G | B33: 590
A34: Kasai-Central | B34: 1163
A35: 3G | B35: 440
A36: 4G | B36: 488
A37: 5G | B37: 235
A38: Kasai-Oriental | B38: 569
A39: 3G | B39: 152
A40: 4G | B40: 119
A41: 5G | B41: 298
A42: Kinshasa | B42: 1305
A43: 3G | B43: 676
A44: 4G | B44: 174
... A111: Total général | B111: 68365

Sheet CKadeaTelcoLogs_Reseau et maint
A1: Date_Heure_Panne | B1: Cell_ID | C1: Duree_Panne_Min | D1: Statut_Resolution | E1: Province_RDC | F1: Latitude | G1: Longitude | H1: Technologie | I1: Equipementier
A2: 45203.033 | B2: ANT-0465 | C2: 73 | D2: Résolu | E2: =_xlfn.XLOOKUP(CKadeaTelcoLogs_Reseau[[#This Row],[Cell_ID]],'CKadeaTelcoRegistre_Maintenance'!A:A,'CKadeaTelcoRegistre_Maintenance'!B:B,"Non repertorié") -> Tanganyika | F2: =_xlfn.XLOOKUP(CKadeaTelcoLogs_Reseau[[#This Row],[Cell_ID]],'CKadeaTelcoRegistre_Maintenance'!A:A,'CKadeaTelcoRegistre_Maintenance'!C:C,"Non repertorié") -> -11.144149 | G2: =_xlfn.XLOOKUP(CKadeaTelcoLogs_Reseau[[#This Row],[Cell_ID]],'CKadeaTelcoRegistre_Maintenance'!A:A,'CKadeaTelcoRegistre_Maintenance'!D:D,"Non repertorié") -> 27.244659 | H2: =_xlfn.XLOOKUP(CKadeaTelcoLogs_Reseau[[#This Row],[Cell_ID]],'CKadeaTelcoRegistre_Maintenance'!A:A,'CKadeaTelcoRegistre_Maintenance'!E:E,"Non repertorié") -> 4G | I2: =_xlfn.XLOOKUP(CKadeaTelcoLogs_Reseau[[#This Row],[Cell_ID]],'CKadeaTelcoRegistre_Maintenance'!A:A,'CKadeaTelcoRegistre_Maintenance'!F:F,"Non repertorié") -> Nokia
A3: 45208.301 | B3: ANT-0004 | C3: 38 | D3: Résolu | E3: =_xlfn.XLOOKUP(CKadeaTelcoLogs_Reseau[[#This Row],[Cell_ID]],'CKadeaTelcoRegistre_Maintenance'!A:A,'CKadeaTelcoRegistre_Maintenance'!B:B,"Non repertorié") -> Non repertorié | F3: =_xlfn.XLOOKUP(CKadeaTelcoLogs_Reseau[[#This Row],[Cell_ID]],'CKadeaTelcoRegistre_Maintenance'!A:A,'CKadeaTelcoRegistre_Maintenance'!C:C,"Non repertorié") -> Non repertorié | G3: =_xlfn.XLOOKUP(CKadeaTelcoLogs_Reseau[[#This Row],[Cell_ID]],'CKadeaTelcoRegistre_Maintenance'!A:A,'CKadeaTelcoRegistre_Maintenance'!D:D,"Non repertorié") -> Non repertorié | H3: =_xlfn.XLOOKUP(CKadeaTelcoLogs_Reseau[[#This Row],[Cell_ID]],'CKadeaTelcoRegistre_Maintenance'!A:A,'CKadeaTelcoRegistre_Maintenance'!E:E,"Non repertorié") -> Non repertorié | I3: =_xlfn.XLOOKUP(CKadeaTelcoLogs_Reseau[[#This Row],[Cell_ID]],'CKadeaTelcoRegistre_Maintenance'!A:A,'CKadeaTelcoRegistre_Maintenance'!F:F,"Non repertorié") -> Non repertorié
A4: 45204.963 | B4: ANT-0977 | C4: 100 | D4: Non Résolu | E4: =_xlfn.XLOOKUP(CKadeaTelcoLogs_Reseau[[#This Row],[Cell_ID]],'CKadeaTelcoRegistre_Maintenance'!A:A,'CKadeaTelcoRegistre_Maintenance'!B:B,"Non repertorié") -> Non repertorié | F4: =_xlfn.XLOOKUP(CKadeaTelcoLogs_Reseau[[#This Row],[Cell_ID]],'CKadeaTelcoRegistre_Maintenance'!A:A,'CKadeaTelcoRegistre_Maintenance'!C:C,"Non repertorié") -> Non repertorié | G4: =_xlfn.XLOOKUP(CKadeaTelcoLogs_Reseau[[#This Row],[Cell_ID]],'CKadeaTelcoRegistre_Maintenance'!A:A,'CKadeaTelcoRegistre_Maintenance'!D:D,"Non repertorié") -> Non repertorié | H4: =_xlfn.XLOOKUP(CKadeaTelcoLogs_Reseau[[#This Row],[Cell_ID]],'CKadeaTelcoRegistre_Maintenance'!A:A,'CKadeaTelcoRegistre_Maintenance'!E:E,"Non repertorié") -> Non repertorié | I4: =_xlfn.XLOOKUP(CKadeaTelcoLogs_Reseau[[#This Row],[Cell_ID]],'CKadeaTelcoRegistre_Maintenance'!A:A,'CKadeaTelcoRegistre_Maintenance'!F:F,"Non repertorié") -> Non repertorié
A5: 45221.998 | B5: ANT-0740 | C5: 79 | D5: En Cours | E5: =_xlfn.XLOOKUP(CKadeaTelcoLogs_Reseau[[#This Row],[Cell_ID]],'CKadeaTelcoRegistre_Maintenance'!A:A,'CKadeaTelcoRegistre_Maintenance'!B:B,"Non repertorié") -> Non repertorié | F5: =_xlfn.XLOOKUP(CKadeaTelcoLogs_Reseau[[#This Row],[Cell_ID]],'CKadeaTelcoRegistre_Maintenance'!A:A,'CKadeaTelcoRegistre_Maintenance'!C:C,"Non repertorié") -> Non repertorié | G5: =_xlfn.XLOOKUP(CKadeaTelcoLogs_Reseau[[#This Row],[Cell_ID]],'CKadeaTelcoRegistre_Maintenance'!A:A,'CKadeaTelcoRegistre_Maintenance'!D:D,"Non repertorié") -> Non repertorié | H5: =_xlfn.XLOOKUP(CKadeaTelcoLogs_Reseau[[#This Row],[Cell_ID]],'CKadeaTelcoRegistre_Maintenance'!A:A,'CKadeaTelcoRegistre_Maintenance'!E:E,"Non repertorié") -> Non repertorié | I5: =_xlfn.XLOOKUP(CKadeaTelcoLogs_Reseau[[#This Row],[Cell_ID]],'CKadeaTelcoRegistre_Maintenance'!A:A,'CKadeaTelcoRegistre_Maintenance'!F:F,"Non repertorié") -> Non repertorié
A6: 45217.109 | B6: ANT-0897 | C6: 59 | D6: Résolu | E6: =_xlfn.XLOOKUP(CKadeaTelcoLogs_Reseau[[#This Row],[Cell_ID]],'CKadeaTelcoRegistre_Maintenance'!A:A,'CKadeaTelcoRegistre_Maintenance'!B:B,"Non repertorié") -> Non repertorié | F6: =_xlfn.XLOOKUP(CKadeaTelcoLogs_Reseau[[#This Row],[Cell_ID]],'CKadeaTelcoRegistre_Maintenance'!A:A,'CKadeaTelcoRegistre_Maintenance'!C:C,"Non repertorié") -> Non repertorié | G6: =_xlfn.XLOOKUP(CKadeaTelcoLogs_Reseau[[#This Row],[Cell_ID]],'CKadeaTelcoRegistre_Maintenance'!A:A,'CKadeaTelcoRegistre_Maintenance'!D:D,"Non repertorié") -> Non repertorié | H6: =_xlfn.XLOOKUP(CKadeaTelcoLogs_Reseau[[#This Row],[Cell_ID]],'CKadeaTelcoRegistre_Maintenance'!A:A,'CKadeaTelcoRegistre_Maintenance'!E:E,"Non repertorié") -> Non repertorié | I6: =_xlfn.XLOOKUP(CKadeaTelcoLogs_Reseau[[#This Row],[Cell_ID]],'CKadeaTelcoRegistre_Maintenance'!A:A,'CKadeaTelcoRegistre_Maintenance'!F:F,"Non repertorié") -> Non repertorié
A7: 45213.042 | B7: ANT-0737 | C7: 119 | D7: Non Résolu | E7: =_xlfn.XLOOKUP(CKadeaTelcoLogs_Reseau[[#This Row],[Cell_ID]],'CKadeaTelcoRegistre_Maintenance'!A:A,'CKadeaTelcoRegistre_Maintenance'!B:B,"Non repertorié") -> Kongo-Central | F7: =_xlfn.XLOOKUP(CKadeaTelcoLogs_Reseau[[#This Row],[Cell_ID]],'CKadeaTelcoRegistre_Maintenance'!A:A,'CKadeaTelcoRegistre_Maintenance'!C:C,"Non repertorié") -> -2.821152 | G7: =_xlfn.XLOOKUP(CKadeaTelcoLogs_Reseau[[#This Row],[Cell_ID]],'CKadeaTelcoRegistre_Maintenance'!A:A,'CKadeaTelcoRegistre_Maintenance'!D:D,"Non repertorié") -> 20.651419 | H7: =_xlfn.XLOOKUP(CKadeaTelcoLogs_Reseau[[#This Row],[Cell_ID]],'CKadeaTelcoRegistre_Maintenance'!A:A,'CKadeaTelcoRegistre_Maintenance'!E:E,"Non repertorié") -> 5G | I7: =_xlfn.XLOOKUP(CKadeaTelcoLogs_Reseau[[#This Row],[Cell_ID]],'CKadeaTelcoRegistre_Maintenance'!A:A,'CKadeaTelcoRegistre_Maintenance'!F:F,"Non repertorié") -> Ericsson
A8: 45202.26 | B8: ANT-0270 | C8: 79 | D8: Résolu | E8: =_xlfn.XLOOKUP(CKadeaTelcoLogs_Reseau[[#This Row],[Cell_ID]],'CKadeaTelcoRegistre_Maintenance'!A:A,'CKadeaTelcoRegistre_Maintenance'!B:B,"Non repertorié") -> Kasai-Central | F8: =_xlfn.XLOOKUP(CKadeaTelcoLogs_Reseau[[#This Row],[Cell_ID]],'CKadeaTelcoRegistre_Maintenance'!A:A,'CKadeaTelcoRegistre_Maintenance'!C:C,"Non repertorié") -> -1.648264 | G8: =_xlfn.XLOOKUP(CKadeaTelcoLogs_Reseau[[#This Row],[Cell_ID]],'CKadeaTelcoRegistre_Maintenance'!A:A,'CKadeaTelcoRegistre_Maintenance'!D:D,"Non repertorié") -> 28.866144 | H8: =_xlfn.XLOOKUP(CKadeaTelcoLogs_Reseau[[#This Row],[Cell_ID]],'CKadeaTelcoRegistre_Maintenance'!A:A,'CKadeaTelcoRegistre_Maintenance'!E:E,"Non repertorié") -> 5G | I8: =_xlfn.XLOOKUP(CKadeaTelcoLogs_Reseau[[#This Row],[Cell_ID]],'CKadeaTelcoRegistre_Maintenance'!A:A,'CKadeaTelcoRegistre_Maintenance'!F:F,"Non repertorié") -> Ericsson
A9: 45216.792 | B9: ANT-0996 | C9: 56 | D9: Résolu | E9: =_xlfn.XLOOKUP(CKadeaTelcoLogs_Reseau[[#This Row],[Cell_ID]],'CKadeaTelcoRegistre_Maintenance'!A:A,'CKadeaTelcoRegistre_Maintenance'!B:B,"Non repertorié") -> Non repertorié | F9: =_xlfn.XLOOKUP(CKadeaTelcoLogs_Reseau[[#This Row],[Cell_ID]],'CKadeaTelcoRegistre_Maintenance'!A:A,'CKadeaTelcoRegistre_Maintenance'!C:C,"Non repertorié") -> Non repertorié | G9: =_xlfn.XLOOKUP(CKadeaTelcoLogs_Reseau[[#This Row],[Cell_ID]],'CKadeaTelcoRegistre_Maintenance'!A:A,'CKadeaTelcoRegistre_Maintenance'!D:D,"Non repertorié") -> Non repertorié | H9: =_xlfn.XLOOKUP(CKadeaTelcoLogs_Reseau[[#This Row],[Cell_ID]],'CKadeaTelcoRegistre_Maintenance'!A:A,'CKadeaTelcoRegistre_Maintenance'!E:E,"Non repertorié") -> Non repertorié | I9: =_xlfn.XLOOKUP(CKadeaTelcoLogs_Reseau[[#This Row],[Cell_ID]],'CKadeaTelcoRegistre_Maintenance'!A:A,'CKadeaTelcoRegistre_Maintenance'!F:F,"Non repertorié") -> Non repertorié
A10: 45217.281 | B10: ANT-0513 | C10: 51 | D10: Non Résolu | E10: =_xlfn.XLOOKUP(CKadeaTelcoLogs_Reseau[[#This Row],[Cell_ID]],'CKadeaTelcoRegistre_Maintenance'!A:A,'CKadeaTelcoRegistre_Maintenance'!B:B,"Non repertorié") -> Non repertorié | F10: =_xlfn.XLOOKUP(CKadeaTelcoLogs_Reseau[[#This Row],[Cell_ID]],'CKadeaTelcoRegistre_Maintenance'!A:A,'CKadeaTelcoRegistre_Maintenance'!C:C,"Non repertorié") -> Non repertorié | G10: =_xlfn.XLOOKUP(CKadeaTelcoLogs_Reseau[[#This Row],[Cell_ID]],'CKadeaTelcoRegistre_Maintenance'!A:A,'CKadeaTelcoRegistre_Maintenance'!D:D,"Non repertorié") -> Non repertorié | H10: =_xlfn.XLOOKUP(CKadeaTelcoLogs_Reseau[[#This Row],[Cell_ID]],'CKadeaTelcoRegistre_Maintenance'!A:A,'CKadeaTelcoRegistre_Maintenance'!E:E,"Non repertorié") -> Non repertorié | I10: =_xlfn.XLOOKUP(CKadeaTelcoLogs_Reseau[[#This Row],[Cell_ID]],'CKadeaTelcoRegistre_Maintenance'!A:A,'CKadeaTelcoRegistre_Maintenance'!F:F,"Non repertorié") -> Non repertorié
A11: 45220.94 | B11: ANT-0781 | C11: 33 | D11: En Cours | E11: =_xlfn.XLOOKUP(CKadeaTelcoLogs_Reseau[[#This Row],[Cell_ID]],'CKadeaTelcoRegistre_Maintenance'!A:A,'CKadeaTelcoRegistre_Maintenance'!B:B,"Non repertorié") -> Non repertorié | F11: =_xlfn.XLOOKUP(CKadeaTelcoLogs_Reseau[[#This Row],[Cell_ID]],'CKadeaTelcoRegistre_Maintenance'!A:A,'CKadeaTelcoRegistre_Maintenance'!C:C,"Non repertorié") -> Non repertorié | G11: =_xlfn.XLOOKUP(CKadeaTelcoLogs_Reseau[[#This Row],[Cell_ID]],'CKadeaTelcoRegistre_Maintenance'!A:A,'CKadeaTelcoRegistre_Maintenance'!D:D,"Non repertorié") -> Non repertorié | H11: =_xlfn.XLOOKUP(CKadeaTelcoLogs_Reseau[[#This Row],[Cell_ID]],'CKadeaTelcoRegistre_Maintenance'!A:A,'CKadeaTelcoRegistre_Maintenance'!E:E,"Non repertorié") -> Non repertorié | I11: =_xlfn.XLOOKUP(CKadeaTelcoLogs_Reseau[[#This Row],[Cell_ID]],'CKadeaTelcoRegistre_Maintenance'!A:A,'CKadeaTelcoRegistre_Maintenance'!F:F,"Non repertorié") -> Non repertorié
A12: 45213.311 | B12: ANT-0183 | C12: 22 | D12: Non Résolu | E12: =_xlfn.XLOOKUP(CKadeaTelcoLogs_Reseau[[#This Row],[Cell_ID]],'CKadeaTelcoRegistre_Maintenance'!A:A,'CKadeaTelcoRegistre_Maintenance'!B:B,"Non repertorié") -> Kwango | F12: =_xlfn.XLOOKUP(CKadeaTelcoLogs_Reseau[[#This Row],[Cell_ID]],'CKadeaTelcoRegistre_Maintenance'!A:A,'CKadeaTelcoRegistre_Maintenance'!C:C,"Non repertorié") -> 4.831904 | G12: =_xlfn.XLOOKUP(CKadeaTelcoLogs_Reseau[[#This Row],[Cell_ID]],'CKadeaTelcoRegistre_Maintenance'!A:A,'CKadeaTelcoRegistre_Maintenance'!D:D,"Non repertorié") -> 20.733469 | H12: =_xlfn.XLOOKUP(CKadeaTelcoLogs_Reseau[[#This Row],[Cell_ID]],'CKadeaTelcoRegistre_Maintenance'!A:A,'CKadeaTelcoRegistre_Maintenance'!E:E,"Non repertorié") -> 5G | I12: =_xlfn.XLOOKUP(CKadeaTelcoLogs_Reseau[[#This Row],[Cell_ID]],'CKadeaTelcoRegistre_Maintenance'!A:A,'CKadeaTelcoRegistre_Maintenance'!F:F,"Non repertorié") -> Ericsson
A13: 45218.369 | B13: ANT-0520 | C13: 70 | D13: Résolu | E13: =_xlfn.XLOOKUP(CKadeaTelcoLogs_Reseau[[#This Row],[Cell_ID]],'CKadeaTelcoRegistre_Maintenance'!A:A,'CKadeaTelcoRegistre_Maintenance'!B:B,"Non repertorié") -> Lomami | F13: =_xlfn.XLOOKUP(CKadeaTelcoLogs_Reseau[[#This Row],[Cell_ID]],'CKadeaTelcoRegistre_Maintenance'!A:A,'CKadeaTelcoRegistre_Maintenance'!C:C,"Non repertorié") -> -8.422786 | G13: =_xlfn.XLOOKUP(CKadeaTelcoLogs_Reseau[[#This Row],[Cell_ID]],'CKadeaTelcoRegistre_Maintenance'!A:A,'CKadeaTelcoRegistre_Maintenance'!D:D,"Non repertorié") -> 16.781293 | H13: =_xlfn.XLOOKUP(CKadeaTelcoLogs_Reseau[[#This Row],[Cell_ID]],'CKadeaTelcoRegistre_Maintenance'!A:A,'CKadeaTelcoRegistre_Maintenance'!E:E,"Non repertorié") -> 4G | I13: =_xlfn.XLOOKUP(CKadeaTelcoLogs_Reseau[[#This Row],[Cell_ID]],'CKadeaTelcoRegistre_Maintenance'!A:A,'CKadeaTelcoRegistre_Maintenance'!F:F,"Non repertorié") -> Huawei
... A1075: 45229.987 | B1075: ANT-0635 | C1075: 37 | D1075: En Cours | E1075: =_xlfn.XLOOKUP(CKadeaTelcoLogs_Reseau[[#This Row],[Cell_ID]],'CKadeaTelcoRegistre_Maintenance'!A:A,'CKadeaTelcoRegistre_Maintenance'!B:B,"Non repertorié") -> Non repertorié | F1075: =_xlfn.XLOOKUP(CKadeaTelcoLogs_Reseau[[#This Row],[Cell_ID]],'CKadeaTelcoRegistre_Maintenance'!A:A,'CKadeaTelcoRegistre_Maintenance'!C:C,"Non repertorié") -> Non repertorié | G1075: =_xlfn.XLOOKUP(CKadeaTelcoLogs_Reseau[[#This Row],[Cell_ID]],'CKadeaTelcoRegistre_Maintenance'!A:A,'CKadeaTelcoRegistre_Maintenance'!D:D,"Non repertorié") -> Non repertorié | H1075: =_xlfn.XLOOKUP(CKadeaTelcoLogs_Reseau[[#This Row],[Cell_ID]],'CKadeaTelcoRegistre_Maintenance'!A:A,'CKadeaTelcoRegistre_Maintenance'!E:E,"Non repertorié") -> Non repertorié | I1075: =_xlfn.XLOOKUP(CKadeaTelcoLogs_Reseau[[#This Row],[Cell_ID]],'CKadeaTelcoRegistre_Maintenance'!A:A,'CKadeaTelcoRegistre_Maintenance'!F:F,"Non repertorié") -> Non repertorié

Sheet CKadeaTelcoClients_Churn
A1: ID_Client | B1: Province_Client | C1: Anciennete_Mois | D1: Type_Forfait | E1: Type_Client | F1: Duree_Cumulee_Panne_Min | G1: Facture_Mensuelle | H1: Plaintes_Service_Client | I1: Remise | J1: Montant perdu | K1: ID
A2: CLI-01147 | B2: Ituri | C2: 29 | D2: Premium 5G 150Go | E2: =IF(CKadeaTelcoClients_Churn[[#This Row],[Type_Forfait]]="pro monde","B2B","B2C") -> B2C | F2: 214 | G2: 74.7 | H2: 3 | I2: =IF(AND(F2>720,C2>60),70%, IF(CKadeaTelcoClients_Churn[[#This Row],[Type_Client]]="B2B",10%, IF(OR(AND(F2>=240,F2<=720),AND(C2<60,D2="Premium 5G 150Go")),45%,0%))) -> 0.45 | J2: =CKadeaTelcoClients_Churn[[#This Row],[Remise]]*CKadeaTelcoClients_Churn[[#This Row],[Facture_Mensuelle]] -> 33.615 | K2: 1
A3: CLI-00894 | B3: Tshuapa | C3: 63 | D3: Pro Monde | E3: =IF(CKadeaTelcoClients_Churn[[#This Row],[Type_Forfait]]="pro monde","B2B","B2C") -> B2B | F3: 205 | G3: 89.19 | H3: 0 | I3: =IF(AND(F3>720,C3>60),70%, IF(CKadeaTelcoClients_Churn[[#This Row],[Type_Client]]="B2B",10%, IF(OR(AND(F3>=240,F3<=720),AND(C3<60,D3="Premium 5G 150Go")),45%,0%))) -> 0.1 | J3: =CKadeaTelcoClients_Churn[[#This Row],[Remise]]*CKadeaTelcoClients_Churn[[#This Row],[Facture_Mensuelle]] -> 8.919 | K3: 2
A4: CLI-00865 | B4: Mongala | C4: 34 | D4: Pro Monde | E4: =IF(CKadeaTelcoClients_Churn[[#This Row],[Type_Forfait]]="pro monde","B2B","B2C") -> B2B | F4: 453 | G4: 56.84 | H4: 0 | I4: =IF(AND(F4>720,C4>60),70%, IF(CKadeaTelcoClients_Churn[[#This Row],[Type_Client]]="B2B",10%, IF(OR(AND(F4>=240,F4<=720),AND(C4<60,D4="Premium 5G 150Go")),45%,0%))) -> 0.1 | J4: =CKadeaTelcoClients_Churn[[#This Row],[Remise]]*CKadeaTelcoClients_Churn[[#This Row],[Facture_Mensuelle]] -> 5.684 | K4: 3
A5: CLI-01325 | B5: Haut-Lomami | C5: 44 | D5: Bloqué 5Go | E5: =IF(CKadeaTelcoClients_Churn[[#This Row],[Type_Forfait]]="pro monde","B2B","B2C") -> B2C | F5: 348 | G5: 58.67 | H5: 0 | I5: =IF(AND(F5>720,C5>60),70%, IF(CKadeaTelcoClients_Churn[[#This Row],[Type_Client]]="B2B",10%, IF(OR(AND(F5>=240,F5<=720),AND(C5<60,D5="Premium 5G 150Go")),45%,0%))) -> 0.45 | J5: =CKadeaTelcoClients_Churn[[#This Row],[Remise]]*CKadeaTelcoClients_Churn[[#This Row],[Facture_Mensuelle]] -> 26.4015 | K5: 4
A6: CLI-01855 | B6: Sud-Kivu | C6: 101 | D6: Illimité 50Go | E6: =IF(CKadeaTelcoClients_Churn[[#This Row],[Type_Forfait]]="pro monde","B2B","B2C") -> B2C | F6: 358 | G6: 29.24 | H6: 3 | I6: =IF(AND(F6>720,C6>60),70%, IF(CKadeaTelcoClients_Churn[[#This Row],[Type_Client]]="B2B",10%, IF(OR(AND(F6>=240,F6<=720),AND(C6<60,D6="Premium 5G 150Go")),45%,0%))) -> 0.45 | J6: =CKadeaTelcoClients_Churn[[#This Row],[Remise]]*CKadeaTelcoClients_Churn[[#This Row],[Facture_Mensuelle]] -> 13.158 | K6: 5
A7: CLI-00076 | B7: Haut-Katanga | C7: 46 | D7: Premium 5G 150Go | E7: =IF(CKadeaTelcoClients_Churn[[#This Row],[Type_Forfait]]="pro monde","B2B","B2C") -> B2C | F7: 283 | G7: 56.05 | H7: 1 | I7: =IF(AND(F7>720,C7>60),70%, IF(CKadeaTelcoClients_Churn[[#This Row],[Type_Client]]="B2B",10%, IF(OR(AND(F7>=240,F7<=720),AND(C7<60,D7="Premium 5G 150Go")),45%,0%))) -> 0.45 | J7: =CKadeaTelcoClients_Churn[[#This Row],[Remise]]*CKadeaTelcoClients_Churn[[#This Row],[Facture_Mensuelle]] -> 25.2225 | K7: 6
A8: CLI-00414 | B8: Bas-Uele | C8: 99 | D8: Premium 5G 150Go | E8: =IF(CKadeaTelcoClients_Churn[[#This Row],[Type_Forfait]]="pro monde","B2B","B2C") -> B2C | F8: 447 | G8: 38.1 | H8: 3 | I8: =IF(AND(F8>720,C8>60),70%, IF(CKadeaTelcoClients_Churn[[#This Row],[Type_Client]]="B2B",10%, IF(OR(AND(F8>=240,F8<=720),AND(C8<60,D8="Premium 5G 150Go")),45%,0%))) -> 0.45 | J8: =CKadeaTelcoClients_Churn[[#This Row],[Remise]]*CKadeaTelcoClients_Churn[[#This Row],[Facture_Mensuelle]] -> 17.145 | K8: 7
A9: CLI-00327 | B9: Haut-Katanga | C9: 6 | D9: Illimité 50Go | E9: =IF(CKadeaTelcoClients_Churn[[#This Row],[Type_Forfait]]="pro monde","B2B","B2C") -> B2C | F9: 155 | G9: 40.66 | H9: 1 | I9: =IF(AND(F9>720,C9>60),70%, IF(CKadeaTelcoClients_Churn[[#This Row],[Type_Client]]="B2B",10%, IF(OR(AND(F9>=240,F9<=720),AND(C9<60,D9="Premium 5G 150Go")),45%,0%))) -> 0 | J9: =CKadeaTelcoClients_Churn[[#This Row],[Remise]]*CKadeaTelcoClients_Churn[[#This Row],[Facture_Mensuelle]] -> 0 | K9: 8
A10: CLI-00559 | B10: Kasai | C10: 99 | D10: Bloqué 5Go | E10: =IF(CKadeaTelcoClients_Churn[[#This Row],[Type_Forfait]]="pro monde","B2B","B2C") -> B2C | F10: 369 | G10: 67.21 | H10: 3 | I10: =IF(AND(F10>720,C10>60),70%, IF(CKadeaTelcoClients_Churn[[#This Row],[Type_Client]]="B2B",10%, IF(OR(AND(F10>=240,F10<=720),AND(C10<60,D10="Premium 5G 150Go")),45%,0%))) -> 0.45 | J10: =CKadeaTelcoClients_Churn[[#This Row],[Remise]]*CKadeaTelcoClients_Churn[[#This Row],[Facture_Mensuelle]] -> 30.2445 | K10: 9
A11: CLI-00280 | B11: Sud-Ubangi | C11: 113 | D11: Illimité 50Go | E11: =IF(CKadeaTelcoClients_Churn[[#This Row],[Type_Forfait]]="pro monde","B2B","B2C") -> B2C | F11: 380 | G11: 12.11 | H11: 0 | I11: =IF(AND(F11>720,C11>60),70%, IF(CKadeaTelcoClients_Churn[[#This Row],[Type_Client]]="B2B",10%, IF(OR(AND(F11>=240,F11<=720),AND(C11<60,D11="Premium 5G 150Go")),45%,0%))) -> 0.45 | J11: =CKadeaTelcoClients_Churn[[#This Row],[Remise]]*CKadeaTelcoClients_Churn[[#This Row],[Facture_Mensuelle]] -> 5.4495 | K11: 10
A12: CLI-00060 | B12: Kasai-Central | C12: 72 | D12: Pro Monde | E12: =IF(CKadeaTelcoClients_Churn[[#This Row],[Type_Forfait]]="pro monde","B2B","B2C") -> B2B | F12: 160 | G12: 90.13 | H12: 2 | I12: =IF(AND(F12>720,C12>60),70%, IF(CKadeaTelcoClients_Churn[[#This Row],[Type_Client]]="B2B",10%, IF(OR(AND(F12>=240,F12<=720),AND(C12<60,D12="Premium 5G 150Go")),45%,0%))) -> 0.1 | J12: =CKadeaTelcoClients_Churn[[#This Row],[Remise]]*CKadeaTelcoClients_Churn[[#This Row],[Facture_Mensuelle]] -> 9.013 | K12: 11
A13: CLI-00530 | B13: Sankuru | C13: 35 | D13: Pro Monde | E13: =IF(CKadeaTelcoClients_Churn[[#This Row],[Type_Forfait]]="pro monde","B2B","B2C") -> B2B | F13: 465 | G13: 58.59 | H13: 5 | I13: =IF(AND(F13>720,C13>60),70%, IF(CKadeaTelcoClients_Churn[[#This Row],[Type_Client]]="B2B",10%, IF(OR(AND(F13>=240,F13<=720),AND(C13<60,D13="Premium 5G 150Go")),45%,0%))) -> 0.1 | J13: =CKadeaTelcoClients_Churn[[#This Row],[Remise]]*CKadeaTelcoClients_Churn[[#This Row],[Facture_Mensuelle]] -> 5.859 | K13: 12
... A751: CLI-00800 | B751: Nord-Kivu | C751: 4 | D751: Bloqué 5Go | E751: =IF(CKadeaTelcoClients_Churn[[#This Row],[Type_Forfait]]="pro monde","B2B","B2C") -> B2C | F751: 21 | G751: 45.8 | H751: 1 | I751: =IF(AND(F751>720,C751>60),70%, IF(CKadeaTelcoClients_Churn[[#This Row],[Type_Client]]="B2B",10%, IF(OR(AND(F751>=240,F751<=720),AND(C751<60,D751="Premium 5G 150Go")),45%,0%))) -> 0 | J751: =CKadeaTelcoClients_Churn[[#This Row],[Remise]]*CKadeaTelcoClients_Churn[[#This Row],[Facture_Mensuelle]] -> 0 | K751: 750

Sheet CKadeaTelcoRegistre_Maintenance
A1: ID_Antenne | B1: Province_RDC | C1: Latitude | D1: Longitude | E1: Technologie | F1: Equipementier
A2: ANT-0622 | B2: Haut-Uele | C2: -3.003879 | D2: 23.633893 | E2: 5G | F2: Ericsson
A3: ANT-0084 | B3: Kwilu | C3: 2.413557 | D3: 19.690682 | E3: 4G | F3: Huawei
A4: ANT-0862 | B4: Tanganyika | C4: -9.470862 | D4: 29.234388 | E4: 3G | F4: ZTE
A5: ANT-0288 | B5: Tshopo | C5: 1.400674 | D5: 13.503127 | E5: 5G | F5: ZTE
A6: ANT-0880 | B6: Haut-Uele | C6: 0.293756 | D6: 18.528884 | E6: 5G | F6: ZTE
A7: ANT-0847 | B7: Maniema | C7: -4.486234 | D7: 17.956159 | E7: 3G | F7: Huawei
A8: ANT-0144 | B8: Tanganyika | C8: -12.824639 | D8: 24.407249 | E8: 5G | F8: Huawei
A9: ANT-0913 | B9: Kinshasa | C9: -5.412628 | D9: 25.498236 | E9: 5G | F9: ZTE
A10: ANT-0552 | B10: Kinshasa | C10: -10.57951 | D10: 23.502314 | E10: 4G | F10: ZTE
A11: ANT-0202 | B11: Tshuapa | C11: 3.078867 | D11: 19.513651 | E11: 5G | F11: Huawei
A12: ANT-0270 | B12: Kasai-Central | C12: -1.648264 | D12: 28.866144 | E12: 5G | F12: Ericsson
A13: ANT-0752 | B13: Nord-Kivu | C13: -3.388313 | D13: 26.838507 | E13: 5G | F13: Nokia
... A499: ANT-0090 | B499: Kasai-Central | C499: -7.337934 | D499: 28.404002 | E499: 3G | F499: Nokia
